{"cameraMode":{"drawMode":0,"name":"Shaded","section":"Shading Mode"},"sceneLighting":true,"audioPlay":false,"sceneViewState":{"showFog":true,"showMaterialUpdate":false,"showSkybox":true,"showFlares":true,"showImageEffects":true,"showParticleSystems":true,"showVisualEffectGraphs":true,"m_FxEnabled":false},"in2DMode":false,"pivot":{"x":22.768251419067384,"y":-7.069165229797363,"z":-0.34398555755615237},"rotation":{"x":0.036890774965286258,"y":-0.006893347483128309,"z":0.00025522129726596177,"w":0.9992988109588623},"size":3.2015621662139894,"orthographic":false}